,term
0,allah akbar
1,blacks
2,chink
3,chinks
4,dykes
5,faggot
6,faggots
7,fags
8,homo
9,inbred
10,nigger
11,niggers
12,queers
13,raped
14,savages
15,slave
16,spic
17,wetback
18,wetbacks
19,whites
20,a dirty
21,a nigger
22,all niggers
23,all white
24,always fuck
25,ass white
26,be killed
27,beat him
28,biggest faggot
29,blame the
30,butt ugly
31,chink eyed
32,chinks in
33,coon shit
34,dumb monkey
35,dumb nigger
36,fag and
37,fag but
38,faggot a
39,faggot and
40,faggot ass
41,faggot bitch
42,faggot for
43,faggot smh
44,faggot that
45,faggots and
46,faggots like
47,faggots usually
48,faggots who
49,fags are
50,fuckin faggot
51,fucking faggot
52,fucking gay
53,fucking hate
54,fucking nigger
55,fucking queer
56,gay ass
57,get raped
58,hate all
59,hate faggots
60,hate fat
61,hate you
62,here faggot
63,is white
64,jungle bunny
65,kill all
66,kill yourself
67,little faggot
68,many niggers
69,married to
70,me faggot
71,my coon
72,nigga ask
73,niggas like
74,nigger ass
75,nigger is
76,nigger music
77,niggers are
78,of fags
79,of white
80,raped and
81,raped by
82,sand nigger
83,savages that
84,shorty bitch
85,spear chucker
86,spic cop
87,stupid nigger
88,that fag
89,that faggot
90,that nigger
91,the faggots
92,the female
93,the niggers
94,their heads
95,them white
96,then faggot
97,this nigger
98,to rape
99,trailer park
100,trash with
101,u fuckin
102,ugly dyke
103,up nigger
104,white ass
105,white boy
106,white person
107,white trash
108,with niggas
109,you fag
110,you nigger
111,you niggers
112,your faggot
113,your nigger
114,a bitch made
115,a fag and
116,a fag but
117,a faggot and
118,a faggot for
119,a fucking queer
120,a nigga ask
121,a white person
122,a white trash
123,all these fucking
124,are all white
125,be killed for
126,bitch made nigga
127,faggots like you
128,faggots usually have
129,fuck outta here
130,fuck u talking
131,fuck you too
132,fucking hate you
133,full of white
134,him a nigga
135,his shorty bitch
136,how many niggers
137,is a fag
138,is a faggot
139,is a fuckin
140,is a fucking
141,is a nigger
142,like a faggot
143,like da colored
144,many niggers are
145,nigga and his
146,niggers are in
147,of white trash
148,shut up nigger
149,still a faggot
150,the biggest faggot
151,the faggots who
152,the fuck do
153,they all look
154,what a fag
155,white bitch in
156,white trash and
157,you a fag
158,you a lame
159,you a nigger
160,you fuck wit
161,you fucking faggot
162,your a cunt
163,your a dirty
164,your bitch in
165,a bitch made nigga
166,a lame nigga you
167,faggot if you ever
168,full of white trash
169,how many niggers are
170,is full of white
171,lame nigga you a
172,many niggers are in
173,nigga you a lame
174,niggers are in my
175,wit a lame nigga
176,you a lame bitch
177,you fuck wit a
178,pommie
179,pommies
180,pom
181,pommy
182,poms
183,whore
184,slut
185,cunt
